Verb,Translation,Presente (Spanish),Presente (English),Pretérito (Spanish),Pretérito (English),Futuro (Spanish),Futuro (English)
Aceptar,to accept,"acepto,aceptas,acepta,aceptamos,aceptáis,aceptan","I accept,You (informal) accept,He/She accepts,We accept,You all (informal) accept,They/You all accept","acepté,aceptaste,aceptó,aceptamos,aceptasteis,aceptaron","I accepted,You (informal) accepted,He/She accepted,We accepted,You all (informal) accepted,They/You all accepted","aceptaré,aceptarás,aceptará,aceptaremos,aceptaréis,aceptarán","I will accept,You (informal) will accept,He/She will accept,We will accept,You all (informal) will accept,They/You all will accept"
Ahorrar,to save money,"ahorro,ahorras,ahorra,ahorramos,ahorráis,ahorran","I save,You (informal) save,He/She saves,We save,You all (informal) save,They/You all save","ahorré,ahorraste,ahorró,ahorramos,ahorrasteis,ahorraron","I saved,You (informal) saved,He/She saved,We saved,You all (informal) saved,They/You all saved","ahorraré,ahorrarás,ahorrará,ahorraremos,ahorraréis,ahorrarán","I will save,You (informal) will save,He/She will save,We will save,You all (informal) will save,They/You all will save"
Amar,to love,"amo,amas,ama,amamos,amáis,aman","I love,You (informal) love,He/She loves,We love,You all (informal) love,They/You all love","amé,amaste,amó,amamos,amasteis,amaron","I loved,You (informal) loved,He/She loved,We loved,You all (informal) loved,They/You all loved","amaré,amarás,amará,amaremos,amaréis,amarán","I will love,You (informal) will love,He/She will love,We will love,You all (informal) will love,They/You all will love"
Apagar,to turn off,"apago,apagas,apaga,apagamos,apagáis,apagan","I turn off,You (informal) turn off,He/She turns off,We turn off,You all (informal) turn off,They/You all turn off","apagué,apagaste,apagó,apagamos,apagasteis,apagaron","I turned off,You (informal) turned off,He/She turned off,We turned off,You all (informal) turned off,They/You all turned off","apagaré,apagarás,apagará,apagaremos,apagaréis,apagarán","I will turn off,You (informal) will turn off,He/She will turn off,We will turn off,You all (informal) will turn off,They/You all will turn off"
Arreglar,to fix,"arreglo,arreglas,arregla,arreglamos,arregláis,arreglan","I fix,You (informal) fix,He/She fixes,We fix,You all (informal) fix,They/You all fix","arreglé,arreglaste,arregló,arreglamos,arreglasteis,arreglaron","I fixed,You (informal) fixed,He/She fixed,We fixed,You all (informal) fixed,They/You all fixed","arreglaré,arreglarás,arreglará,arreglaremos,arreglaréis,arreglarán","I will fix,You (informal) will fix,He/She will fix,We will fix,You all (informal) will fix,They/You all will fix"
Ayudar,to help,"ayudo,ayudas,ayuda,ayudamos,ayudáis,ayudan","I help,You (informal) help,He/She helps,We help,You all (informal) help,They/You all help","ayudé,ayudaste,ayudó,ayudamos,ayudasteis,ayudaron","I helped,You (informal) helped,He/She helped,We helped,You all (informal) helped,They/You all helped","ayudaré,ayudarás,ayudará,ayudaremos,ayudaréis,ayudarán","I will help,You (informal) will help,He/She will help,We will help,You all (informal) will help,They/You all will help"
Bailar,to dance,"bailo,bailas,baila,bailamos,bailáis,bailan","I dance,You (informal) dance,He/She dances,We dance,You all (informal) dance,They/You all dance","bailé,bailaste,bailó,bailamos,bailasteis,bailaron","I danced,You (informal) danced,He/She danced,We danced,You all (informal) danced,They/You all danced","bailaré,bailarás,bailará,bailaremos,bailaréis,bailarán","I will dance,You (informal) will dance,He/She will dance,We will dance,You all (informal) will dance,They/You all will dance"
Bajar,to go down,"bajo,bajas,baja,bajamos,bajáis,bajan","I go down,You (informal) go down,He/She goes down,We go down,You all (informal) go down,They/You all go down","bajé,bajaste,bajó,bajamos,bajasteis,bajaron","I went down,You (informal) went down,He/She went down,We went down,You all (informal) went down,They/You all went down","bajaré,bajarás,bajará,bajaremos,bajaréis,bajarán","I will go down,You (informal) will go down,He/She will go down,We will go down,You all (informal) will go down,They/You all will go down"
Besar,to kiss,"beso,besas,besa,besamos,besáis,besan","I kiss,You (informal) kiss,He/She kisses,We kiss,You all (informal) kiss,They/You all kiss","besé,besaste,besó,besamos,besasteis,besaron","I kissed,You (informal) kissed,He/She kissed,We kissed,You all (informal) kissed,They/You all kissed","besaré,besarás,besará,besaremos,besaréis,besarán","I will kiss,You (informal) will kiss,He/She will kiss,We will kiss,You all (informal) will kiss,They/You all will kiss"
Buscar,to look for,"busco,buscas,busca,buscamos,buscáis,buscan","I look for,You (informal) look for,He/She looks for,We look for,You all (informal) look for,They/You all look for","busqué,buscaste,buscó,buscamos,buscasteis,buscaron","I looked for,You (informal) looked for,He/She looked for,We looked for,You all (informal) looked for,They/You all looked for","buscaré,buscarás,buscará,buscaremos,buscaréis,buscarán","I will look for,You (informal) will look for,He/She will look for,We will look for,You all (informal) will look for,They/You all will look for"
Cambiar,to change,"cambio,cambias,cambia,cambiamos,cambiáis,cambian","I change,You (informal) change,He/She changes,We change,You all (informal) change,They/You all change","cambié,cambiaste,cambió,cambiamos,cambiasteis,cambiaron","I changed,You (informal) changed,He/She changed,We changed,You all (informal) changed,They/You all changed","cambiaré,cambiarás,cambiará,cambiaremos,cambiaréis,cambiarán","I will change,You (informal) will change,He/She will change,We will change,You all (informal) will change,They/You all will change"
Caminar,to walk,"camino,caminas,camina,caminamos,camináis,caminan","I walk,You (informal) walk,He/She walks,We walk,You all (informal) walk,They/You all walk","caminé,caminaste,caminó,caminamos,caminasteis,caminaron","I walked,You (informal) walked,He/She walked,We walked,You all (informal) walked,They/You all walked","caminaré,caminarás,caminará,caminaremos,caminaréis,caminarán","I will walk,You (informal) will walk,He/She will walk,We will walk,You all (informal) will walk,They/You all will walk"
Cantar,to sing,"canto,cantas,canta,cantamos,cantáis,cantan","I sing,You (informal) sing,He/She sings,We sing,You all (informal) sing,They/You all sing","canté,cantaste,cantó,cantamos,cantasteis,cantaron","I sang,You (informal) sang,He/She sang,We sang,You all (informal) sang,They/You all sang","cantaré,cantarás,cantará,cantaremos,cantaréis,cantarán","I will sing,You (informal) will sing,He/She will sing,We will sing,You all (informal) will sing,They/You all will sing"
Cargar,to charge,"cargo,cargas,carga,cargamos,cargáis,cargan","I charge,You (informal) charge,He/She charges,We charge,You all (informal) charge,They/You all charge","cargué,cargaste,cargó,cargamos,cargasteis,cargaron","I charged,You (informal) charged,He/She charged,We charged,You all (informal) charged,They/You all charged","cargaré,cargarás,cargará,cargaremos,cargaréis,cargarán","I will charge,You (informal) will charge,He/She will charge,We will charge,You all (informal) will charge,They/You all will charge"
Cocinar,to cook,"cocino,cocinas,cocina,cocinamos,cocináis,cocinan","I cook,You (informal) cook,He/She cooks,We cook,You all (informal) cook,They/You all cook","cociné,cocinaste,cocinó,cocinamos,cocinasteis,cocinaron","I cooked,You (informal) cooked,He/She cooked,We cooked,You all (informal) cooked,They/You all cooked","cocinaré,cocinarás,cocinará,cocinaremos,cocinaréis,cocinarán","I will cook,You (informal) will cook,He/She will cook,We will cook,You all (informal) will cook,They/You all will cook"
Comprar,to buy,"compro,compras,compra,compramos,compráis,compran","I buy,You (informal) buy,He/She buys,We buy,You all (informal) buy,They/You all buy","compré,compraste,compró,compramos,comprasteis,compraron","I bought,You (informal) bought,He/She bought,We bought,You all (informal) bought,They/You all bought","compraré,comprarás,comprará,compraremos,compraréis,comprarán","I will buy,You (informal) will buy,He/She will buy,We will buy,You all (informal) will buy,They/You all will buy"
Contestar,to answer,"contesto,contestas,contesta,contestamos,contestáis,contestan","I answer,You (informal) answer,He/She answers,We answer,You all (informal) answer,They/You all answer","contesté,contestaste,contestó,contestamos,contestasteis,contestaron","I answered,You (informal) answered,He/She answered,We answered,You all (informal) answered,They/You all answered","contestaré,contestarás,contestará,contestaremos,contestaréis,contestarán","I will answer,You (informal) will answer,He/She will answer,We will answer,You all (informal) will answer,They/You all will answer"
Cortar,to cut,"corto,cortas,corta,cortamos,cortáis,cortan","I cut,You (informal) cut,He/She cuts,We cut,You all (informal) cut,They/You all cut","corté,cortaste,cortó,cortamos,cortasteis,cortaron","I cut (past),You (informal) cut,He/She cut,We cut,You all (informal) cut,They/You all cut","cortaré,cortarás,cortará,cortaremos,cortaréis,cortarán","I will cut,You (informal) will cut,He/She will cut,We will cut,You all (informal) will cut,They/You all will cut"
Descansar,to rest,"descanso,descansas,descansa,descansamos,descansáis,descansan","I rest,You (informal) rest,He/She rests,We rest,You all (informal) rest,They/You all rest","descansé,descansaste,descansó,descansamos,descansasteis,descansaron","I rested,You (informal) rested,He/She rested,We rested,You all (informal) rested,They/You all rested","descansaré,descansarás,descansará,descansaremos,descansaréis,descansarán","I will rest,You (informal) will rest,He/She will rest,We will rest,You all (informal) will rest,They/You all will rest"
Dibujar,to draw,"dibujo,dibujas,dibuja,dibujamos,dibujáis,dibujan","I draw,You (informal) draw,He/She draws,We draw,You all (informal) draw,They/You all draw","dibujé,dibujaste,dibujó,dibujamos,dibujasteis,dibujaron","I drew,You (informal) drew,He/She drew,We drew,You all (informal) drew,They/You all drew","dibujaré,dibujarás,dibujará,dibujaremos,dibujaréis,dibujarán","I will draw,You (informal) will draw,He/She will draw,We will draw,You all (informal) will draw,They/You all will draw"
Enseñar,to teach,"enseño,enseñas,enseña,enseñamos,enseñáis,enseñan","I teach,You (informal) teach,He/She teaches,We teach,You all (informal) teach,They/You all teach","enseñé,enseñaste,enseñó,enseñamos,enseñasteis,enseñaron","I taught,You (informal) taught,He/She taught,We taught,You all (informal) taught,They/You all taught","enseñaré,enseñarás,enseñará,enseñaremos,enseñaréis,enseñarán","I will teach,You (informal) will teach,He/She will teach,We will teach,You all (informal) will teach,They/You all will teach"
Entrar,to enter,"entro,entras,entra,entramos,entráis,entran","I enter,You (informal) enter,He/She enters,We enter,You all (informal) enter,They/You all enter","entré,entraste,entró,entramos,entrasteis,entraron","I entered,You (informal) entered,He/She entered,We entered,You all (informal) entered,They/You all entered","entraré,entrarás,entrará,entraremos,entraréis,entrarán","I will enter,You (informal) will enter,He/She will enter,We will enter,You all (informal) will enter,They/You all will enter"
Enviar,to send,"envío,envías,envía,enviamos,enviáis,envían","I send,You (informal) send,He/She sends,We send,You all (informal) send,They/You all send","envié,enviaste,envió,enviamos,enviasteis,enviaron","I sent,You (informal) sent,He/She sent,We sent,You all (informal) sent,They/You all sent","enviaré,enviarás,enviará,enviaremos,enviaréis,enviarán","I will send,You (informal) will send,He/She will send,We will send,You all (informal) will send,They/You all will send"
Escuchar,to listen,"escucho,escuchas,escucha,escuchamos,escucháis,escuchan","I listen,You (informal) listen,He/She listens,We listen,You all (informal) listen,They/You all listen","escuché,escuchaste,escuchó,escuchamos,escuchasteis,escucharon","I listened,You (informal) listened,He/She listened,We listened,You all (informal) listened,They/You all listened","escucharé,escucharás,escuchará,escucharemos,escucharéis,escucharán","I will listen,You (informal) will listen,He/She will listen,We will listen,You all (informal) will listen,They/You all will listen"
Esperar,to wait,"espero,esperas,espera,esperamos,esperáis,esperan","I wait,You (informal) wait,He/She waits,We wait,You all (informal) wait,They/You all wait","esperé,esperaste,esperó,esperamos,esperasteis,esperaron","I waited,You (informal) waited,He/She waited,We waited,You all (informal) waited,They/You all waited","esperaré,esperarás,esperará,esperaremos,esperaréis,esperarán","I will wait,You (informal) will wait,He/She will wait,We will wait,You all (informal) will wait,They/You all will wait"
Estudiar,to study,"estudio,estudias,estudia,estudiamos,estudiáis,estudian","I study,You (informal) study,He/She studies,We study,You all (informal) study,They/You all study","estudié,estudiaste,estudió,estudiamos,estudiasteis,estudiaron","I studied,You (informal) studied,He/She studied,We studied,You all (informal) studied,They/You all studied","estudiaré,estudiarás,estudiará,estudiaremos,estudiaréis,estudiarán","I will study,You (informal) will study,He/She will study,We will study,You all (informal) will study,They/You all will study"
Revisar,to check,"reviso,revisas,revisa,revisamos,revisáis,revisan","I check,You (informal) check,He/She checks,We check,You all (informal) check,They/You all check","revisé,revisaste,revisó,revisamos,revisasteis,revisaron","I checked,You (informal) checked,He/She checked,We checked,You all (informal) checked,They/You all checked","revisaré,revisarás,revisará,revisaremos,revisaréis,revisarán","I will check,You (informal) will check,He/She will check,We will check,You all (informal) will check,They/You all will check"
Explicar,to explain,"explico,explicas,explica,explicamos,explicáis,explican","I explain,You (informal) explain,He/She explains,We explain,You all (informal) explain,They/You all explain","expliqué,explicaste,explicó,explicamos,explicasteis,explicaron","I explained,You (informal) explained,He/She explained,We explained,You all (informal) explained,They/You all explained","explicaré,explicarás,explicará,explicaremos,explicaréis,explicarán","I will explain,You (informal) will explain,He/She will explain,We will explain,You all (informal) will explain,They/You all will explain"
Ganar,to win,"gano,ganas,gana,ganamos,ganáis,ganan","I win,You (informal) win,He/She wins,We win,You all (informal) win,They/You all win","gané,ganaste,ganó,ganamos,ganasteis,ganaron","I won,You (informal) won,He/She won,We won,You all (informal) won,They/You all won","ganaré,ganarás,ganará,ganaremos,ganaréis,ganarán","I will win,You (informal) will win,He/She will win,We will win,You all (informal) will win,They/You all will win"
Gastar,to spend something,"gasto,gastas,gasta,gastamos,gastáis,gastan","I spend,You (informal) spend,He/She spends,We spend,You all (informal) spend,They/You all spend","gasté,gastaste,gastó,gastamos,gastasteis,gastaron","I spent,You (informal) spent,He/She spent,We spent,You all (informal) spent,They/You all spent","gastaré,gastarás,gastará,gastaremos,gastaréis,gastarán","I will spend,You (informal) will spend,He/She will spend,We will spend,You all (informal) will spend,They/You all will spend"
Hablar,to speak,"hablo,hablas,habla,hablamos,habláis,hablan","I speak,You (informal) speak,He/She speaks,We speak,You all (informal) speak,They/You all speak","hablé,hablaste,habló,hablamos,hablasteis,hablaron","I spoke,You (informal) spoke,He/She spoke,We spoke,You all (informal) spoke,They/You all spoke","hablaré,hablarás,hablará,hablaremos,hablaréis,hablarán","I will speak,You (informal) will speak,He/She will speak,We will speak,You all (informal) will speak,They/You all will speak"
Lavar,to wash,"lavo,lavas,lava,lavamos,laváis,lavan","I wash,You (informal) wash,He/She washes,We wash,You all (informal) wash,They/You all wash","lavé,lavaste,lavó,lavamos,lavasteis,lavaron","I washed,You (informal) washed,He/She washed,We washed,You all (informal) washed,They/You all washed","lavaré,lavarás,lavará,lavaremos,lavaréis,lavarán","I will wash,You (informal) will wash,He/She will wash,We will wash,You all (informal) will wash,They/You all will wash"
Limpiar,to clean,"limpio,limpias,limpia,limpiamos,limpiáis,limpian","I clean,You (informal) clean,He/She cleans,We clean,You all (informal) clean,They/You all clean","limpié,limpiaste,limpió,limpiamos,limpiasteis,limpiaron","I cleaned,You (informal) cleaned,He/She cleaned,We cleaned,You all (informal) cleaned,They/You all cleaned","limpiaré,limpiarás,limpiará,limpiaremos,limpiaréis,limpiarán","I will clean,You (informal) will clean,He/She will clean,We will clean,You all (informal) will clean,They/You all will clean"
Llamar,to call,"llamo,llamas,llama,llamamos,llamáis,llaman","I call,You (informal) call,He/She calls,We call,You all (informal) call,They/You all call","llamé,llamaste,llamó,llamamos,llamasteis,llamaron","I called,You (informal) called,He/She called,We called,You all (informal) called,They/You all called","llamaré,llamarás,llamará,llamaremos,llamaréis,llamarán","I will call,You (informal) will call,He/She will call,We will call,You all (informal) will call,They/You all will call"
Llegar,to arrive,"llego,llegas,llega,llegamos,llegáis,llegan","I arrive,You (informal) arrive,He/She arrives,We arrive,You all (informal) arrive,They/You all arrive","llegué,llegaste,llegó,llegamos,llegasteis,llegaron","I arrived,You (informal) arrived,He/She arrived,We arrived,You all (informal) arrived,They/You all arrived","llegaré,llegarás,llegará,llegaremos,llegaréis,llegarán","I will arrive,You (informal) will arrive,He/She will arrive,We will arrive,You all (informal) will arrive,They/You all will arrive"
Llevar,to carry,"llevo,llevas,lleva,llevamos,lleváis,llevan","I carry,You (informal) carry,He/She carries,We carry,You all (informal) carry,They/You all carry","llevé,llevaste,llevó,llevamos,llevasteis,llevaron","I carried,You (informal) carried,He/She carried,We carried,You all (informal) carried,They/You all carried","llevaré,llevarás,llevará,llevaremos,llevaréis,llevarán","I will carry,You (informal) will carry,He/She will carry,We will carry,You all (informal) will carry,They/You all will carry"
Llorar,to cry,"lloro,lloras,llora,lloramos,lloráis,lloran","I cry,You (informal) cry,He/She cries,We cry,You all (informal) cry,They/You all cry","lloré,lloraste,lloró,lloramos,llorasteis,lloraron","I cried,You (informal) cried,He/She cried,We cried,You all (informal) cried,They/You all cried","lloraré,llorarás,llorará,lloraremos,lloraréis,llorarán","I will cry,You (informal) will cry,He/She will cry,We will cry,You all (informal) will cry,They/You all will cry"
Manejar,to drive,"manejo,manejas,maneja,manejamos,manejáis,manejan","I drive,You (informal) drive,He/She drives,We drive,You all (informal) drive,They/You all drive","manejé,manejaste,manejó,manejamos,manejasteis,manejaron","I drove,You (informal) drove,He/She drove,We drove,You all (informal) drove,They/You all drove","manejaré,manejarás,manejará,manejaremos,manejaréis,manejarán","I will drive,You (informal) will drive,He/She will drive,We will drive,You all (informal) will drive,They/You all will drive"
Mezclar,to mix,"mezclo,mezclas,mezcla,mezclamos,mezcláis,mezclan","I mix,You (informal) mix,He/She mixes,We mix,You all (informal) mix,They/You all mix","mezclé,mezclaste,mezcló,mezclamos,mezclasteis,mezclaron","I mixed,You (informal) mixed,He/She mixed,We mixed,You all (informal) mixed,They/You all mixed","mezclaré,mezclarás,mezclará,mezclaremos,mezclaréis,mezclarán","I will mix,You (informal) will mix,He/She will mix,We will mix,You all (informal) will mix,They/You all will mix"
Mirar,to look at,"miro,miras,mira,miramos,miráis,miran","I look at,You (informal) look at,He/She looks at,We look at,You all (informal) look at,They/You all look at","miré,miraste,miró,miramos,mirasteis,miraron","I looked at,You (informal) looked at,He/She looked at,We looked at,You all (informal) looked at,They/You all looked at","miraré,mirarás,mirará,miraremos,miraréis,mirarán","I will look at,You (informal) will look at,He/She will look at,We will look at,You all (informal) will look at,They/You all will look at"
Montar,to ride,"monto,montas,monta,montamos,montáis,montan","I ride,You (informal) ride,He/She rides,We ride,You all (informal) ride,They/You all ride","monté,montaste,montó,montamos,montasteis,montaron","I rode,You (informal) rode,He/She rode,We rode,You all (informal) rode,They/You all rode","montaré,montarás,montará,montaremos,montaréis,montarán","I will ride,You (informal) will ride,He/She will ride,We will ride,You all (informal) will ride,They/You all will ride"
Nadar,to swim,"nado,nadas,nada,nadamos,nadáis,nadan","I swim,You (informal) swim,He/She swims,We swim,You all (informal) swim,They/You all swim","nadé,nadaste,nadó,nadamos,nadasteis,nadaron","I swam,You (informal) swam,He/She swam,We swam,You all (informal) swam,They/You all swam","nadaré,nadarás,nadará,nadaremos,nadaréis,nadarán","I will swim,You (informal) will swim,He/She will swim,We will swim,You all (informal) will swim,They/You all will swim"
Necesitar,to need,"necesito,necesitas,necesita,necesitamos,necesitáis,necesitan","I need,You (informal) need,He/She needs,We need,You all (informal) need,They/You all need","necesité,necesitaste,necesitó,necesitamos,necesitasteis,necesitaron","I needed,You (informal) needed,He/She needed,We needed,You all (informal) needed,They/You all needed","necesitaré,necesitarás,necesitará,necesitaremos,necesitaréis,necesitarán","I will need,You (informal) will need,He/She will need,We will need,You all (informal) will need,They/You all will need"
Odiar,to hate,"odio,odias,odia,odiamos,odiáis,odian","I hate,You (informal) hate,He/She hates,We hate,You all (informal) hate,They/You all hate","odié,odiaste,odió,odiamos,odiasteis,odiaron","I hated,You (informal) hated,He/She hated,We hated,You all (informal) hated,They/You all hated","odiaré,odiarás,odiará,odiaremos,odiaréis,odiarán","I will hate,You (informal) will hate,He/She will hate,We will hate,You all (informal) will hate,They/You all will hate"
Olvidar,to forget,"olvido,olvidas,olvida,olvidamos,olvidáis,olvidan","I forget,You (informal) forget,He/She forgets,We forget,You all (informal) forget,They/You all forget","olvidé,olvidaste,olvidó,olvidamos,olvidasteis,olvidaron","I forgot,You (informal) forgot,He/She forgot,We forgot,You all (informal) forgot,They/You all forgot","olvidaré,olvidarás,olvidará,olvidaremos,olvidaréis,olvidarán","I will forget,You (informal) will forget,He/She will forget,We will forget,You all (informal) will forget,They/You all will forget"
Pagar,to pay,"pago,pagas,paga,pagamos,pagáis,pagan","I pay,You (informal) pay,He/She pays,We pay,You all (informal) pay,They/You all pay","pagué,pagaste,pagó,pagamos,pagasteis,pagaron","I paid,You (informal) paid,He/She paid,We paid,You all (informal) paid,They/You all paid","pagaré,pagarás,pagará,pagaremos,pagaréis,pagarán","I will pay,You (informal) will pay,He/She will pay,We will pay,You all (informal) will pay,They/You all will pay"
Pasar tiempo,to spend time,"paso,pasas,pasa,pasamos,pasáis,pasan","I spend time,You (informal) spend time,He/She spends time,We spend time,You all (informal) spend time,They/You all spend time","pasé,pasaste,pasó,pasamos,pasasteis,pasaron","I spent time,You (informal) spent time,He/She spent time,We spent time,You all (informal) spent time,They/You all spent time","pasaré,pasarás,pasará,pasaremos,pasaréis,pasarán","I will spend time,You (informal) will spend time,He/She will spend time,We will spend time,You all (informal) will spend time,They/You all will spend time"
Pintar,to paint,"pinto,pintas,pinta,pintamos,pintáis,pintan","I paint,You (informal) paint,He/She paints,We paint,You all (informal) paint,They/You all paint","pinté,pintaste,pintó,pintamos,pintasteis,pintaron","I painted,You (informal) painted,He/She painted,We painted,You all (informal) painted,They/You all painted","pintaré,pintarás,pintará,pintaremos,pintaréis,pintarán","I will paint,You (informal) will paint,He/She will paint,We will paint,You all (informal) will paint,They/You all will paint"
Practicar,to practice,"practico,practicas,practica,practicamos,practicáis,practican","I practice,You (informal) practice,He/She practices,We practice,You all (informal) practice,They/You all practice","practiqué,practicaste,practicó,practicamos,practicasteis,practicaron","I practiced,You (informal) practiced,He/She practiced,We practiced,You all (informal) practiced,They/You all practiced","practicaré,practicarás,practicará,practicaremos,practicaréis,practicarán","I will practice,You (informal) will practice,He/She will practice,We will practice,You all (informal) will practice,They/You all will practice"
Preguntar,to ask a question,"pregunto,preguntas,pregunta,preguntamos,preguntáis,preguntan","I ask a question,You (informal) ask a question,He/She asks a question,We ask a question,You all (informal) ask a question,They/You all ask a question","pregunté,preguntaste,preguntó,preguntamos,preguntasteis,preguntaron","I asked a question,You (informal) asked a question,He/She asked a question,We asked a question,You all (informal) asked a question,They/You all asked a question","preguntaré,preguntarás,preguntará,preguntaremos,preguntaréis,preguntarán","I will ask a question,You (informal) will ask a question,He/She will ask a question,We will ask a question,You all (informal) will ask a question,They/You all will ask a question"
Regresar,to come back,"regreso,regresas,regresa,regresamos,regresáis,regresan","I come back,You (informal) come back,He/She comes back,We come back,You all (informal) come back,They/You all come back","regresé,regresaste,regresó,regresamos,regresasteis,regresaron","I came back,You (informal) came back,He/She came back,We came back,You all (informal) came back,They/You all came back","regresaré,regresarás,regresará,regresaremos,regresaréis,regresarán","I will come back,You (informal) will come back,He/She will come back,We will come back,You all (informal) will come back,They/You all will come back"
Terminar,to finish,"termino,terminas,termina,terminamos,termináis,terminan","I finish,You (informal) finish,He/She finishes,We finish,You all (informal) finish,They/You all finish","terminé,terminaste,terminó,terminamos,terminasteis,terminaron","I finished,You (informal) finished,He/She finished,We finished,You all (informal) finished,They/You all finished","terminaré,terminarás,terminará,terminaremos,terminaréis,terminarán","I will finish,You (informal) will finish,He/She will finish,We will finish,You all (informal) will finish,They/You all will finish"
Tocar,to touch/to play an instrument,"toco,tocas,toca,tocamos,tocáis,tocan","I touch,You (informal) touch,He/She touches,We touch,You all (informal) touch,They/You all touch","toqué,tocaste,tocó,tocamos,tocasteis,tocaron","I touched,You (informal) touched,He/She touched,We touched,You all (informal) touched,They/You all touched","tocaré,tocarás,tocará,tocaremos,tocaréis,tocarán","I will touch,You (informal) will touch,He/She will touch,We will touch,You all (informal) will touch,They/You all will touch"
Tomar,to take/to drink,"tomo,tomas,toma,tomamos,tomáis,toman","I take,You (informal) take,He/She takes,We take,You all (informal) take,They/You all take","tomé,tomaste,tomó,tomamos,tomasteis,tomaron","I took,You (informal) took,He/She took,We took,You all (informal) took,They/You all took","tomaré,tomarás,tomará,tomaremos,tomaréis,tomarán","I will take,You (informal) will take,He/She will take,We will take,You all (informal) will take,They/You all will take"
Trabajar,to work,"trabajo,trabajas,trabaja,trabajamos,trabajáis,trabajan","I work,You (informal) work,He/She works,We work,You all (informal) work,They/You all work","trabajé,trabajaste,trabajó,trabajamos,trabajasteis,trabajaron","I worked,You (informal) worked,He/She worked,We worked,You all (informal) worked,They/You all worked","trabajaré,trabajarás,trabajará,trabajaremos,trabajaréis,trabajarán","I will work,You (informal) will work,He/She will work,We will work,You all (informal) will work,They/You all will work"
Usar,to use,"uso,usas,usa,usamos,usáis,usan","I use,You (informal) use,He/She uses,We use,You all (informal) use,They/You all use","usé,usaste,usó,usamos,usasteis,usaron","I used,You (informal) used,He/She used,We used,You all (informal) used,They/You all used","usaré,usarás,usará,usaremos,usaréis,usarán","I will use,You (informal) will use,He/She will use,We will use,You all (informal) will use,They/You all will use"
Viajar,to travel,"viajo,viajas,viaja,viajamos,viajáis,viajan","I travel,You (informal) travel,He/She travels,We travel,You all (informal) travel,They/You all travel","viajé,viajaste,viajó,viajamos,viajasteis,viajaron","I traveled,You (informal) traveled,He/She traveled,We traveled,You all (informal) traveled,They/You all traveled","viajaré,viajarás,viajará,viajaremos,viajaréis,viajarán","I will travel,You (informal) will travel,He/She will travel,We will travel,You all (informal) will travel,They/You all will travel"
Visitar,to visit,"visito,visitas,visita,visitamos,visitáis,visitan","I visit,You (informal) visit,He/She visits,We visit,You all (informal) visit,They/You all visit","visité,visitaste,visitó,visitamos,visitasteis,visitaron","I visited,You (informal) visited,He/She visited,We visited,You all (informal) visited,They/You all visited","visitaré,visitarás,visitará,visitaremos,visitaréis,visitarán","I will visit,You (informal) will visit,He/She will visit,We will visit,You all (informal) will visit,They/You all will visit"
Aprender,to learn,"aprendo,aprendes,aprende,aprendemos,aprendéis,aprenden","I learn,You (informal) learn,He/She learns,We learn,You all (informal) learn,They/You all learn","aprendí,aprendiste,aprendió,aprendimos,aprendisteis,aprendieron","I learned,You (informal) learned,He/She learned,We learned,You all (informal) learned,They/You all learned","aprenderé,aprenderás,aprenderá,aprenderemos,aprenderéis,aprenderán","I will learn,You (informal) will learn,He/She will learn,We will learn,You all (informal) will learn,They/You all will learn"
Beber,to drink,"bebo,bebes,bebe,bebemos,bebéis,beben","I drink,You (informal) drink,He/She drinks,We drink,You all (informal) drink,They/You all drink","bebí,bebiste,bebió,bebimos,bebisteis,bebieron","I drank,You (informal) drank,He/She drank,We drank,You all (informal) drank,They/You all drank","beberé,beberás,beberá,beberemos,beberéis,beberán","I will drink,You (informal) will drink,He/She will drink,We will drink,You all (informal) will drink,They/You all will drink"
Comer,to eat,"como,comes,come,comemos,coméis,comen","I eat,You (informal) eat,He/She eats,We eat,You all (informal) eat,They/You all eat","comí,comiste,comió,comimos,comisteis,comieron","I ate,You (informal) ate,He/She ate,We ate,You all (informal) ate,They/You all ate","comeré,comerás,comerá,comeremos,comeréis,comerán","I will eat,You (informal) will eat,He/She will eat,We will eat,You all (informal) will eat,They/You all will eat"
Comprender,to understand,"comprendo,comprendes,comprende,comprendemos,comprendéis,comprenden","I understand,You (informal) understand,He/She understands,We understand,You all (informal) understand,They/You all understand","comprendí,comprendiste,comprendió,comprendimos,comprendisteis,comprendieron","I understood,You (informal) understood,He/She understood,We understood,You all (informal) understood,They/You all understood","comprenderé,comprenderás,comprenderá,comprenderemos,comprenderéis,comprenderán","I will understand,You (informal) will understand,He/She will understand,We will understand,You all (informal) will understand,They/You all will understand"
Correr,to run,"corro,corres,corre,corremos,corréis,corren","I run,You (informal) run,He/She runs,We run,You all (informal) run,They/You all run","corrí,corriste,corrió,corrimos,corristeis,corrieron","I ran,You (informal) ran,He/She ran,We ran,You all (informal) ran,They/You all ran","correré,correrás,correrá,corremos,correréis,correrán","I will run,You (informal) will run,He/She will run,We will run,You all (informal) will run,They/You all will run"
Creer,to believe,"creo,crees,cree,creemos,creéis,creen","I believe,You (informal) believe,He/She believes,We believe,You all (informal) believe,They/You all believe","creí,creíste,creyó,creímos,creísteis,creyeron","I believed,You (informal) believed,He/She believed,We believed,You all (informal) believed,They/You all believed","creeré,creerás,creerá,creeremos,creeréis,creerán","I will believe,You (informal) will believe,He/She will believe,We will believe,You all (informal) will believe,They/You all will believe"
Deber,to should,"debo,debes,debe,debemos,debéis,deben","I should,You (informal) should,He/She should,We should,You all (informal) should,They/You all should","debí,debiste,debió,debimos,debisteis,debieron","I should have,You (informal) should have,He/She should have,We should have,You all (informal) should have,They/You all should have","deberé,deberás,deberá,deberemos,deberéis,deberán","I will should,You (informal) will should,He/She will should,We will should,You all (informal) will should,They/You all will should"
Esconder,to hide,"escondo,escondes,esconde,escondemos,escondéis,esconden","I hide,You (informal) hide,He/She hides,We hide,You all (informal) hide,They/You all hide","escondí,escondiste,escondió,escondimos,escondisteis,escondieron","I hid,You (informal) hid,He/She hid,We hid,You all (informal) hid,They/You all hid","esconderé,esconderás,esconderá,esconderemos,esconderéis,esconderán","I will hide,You (informal) will hide,He/She will hide,We will hide,You all (informal) will hide,They/You all will hide"
Leer,to read,"leo,lees,lee,leemos,leéis,leen","I read,You (informal) read,He/She reads,We read,You all (informal) read,They/You all read","leí,leíste,leyó,leímos,leísteis,leyeron","I read (past),You (informal) read,He/She read,We read,You all (informal) read,They/You all read","leeré,leerás,leerá,leeremos,leeréis,leerán","I will read,You (informal) will read,He/She will read,We will read,You all (informal) will read,They/You all will read"
Meter,to put in,"meto,metes,mete,metemos,metéis,meten","I put in,You (informal) put in,He/She puts in,We put in,You all (informal) put in,They/You all put in","metí,metiste,metió,metimos,metisteis,metieron","I put in (past),You (informal) put in,He/She put in,We put in,You all (informal) put in,They/You all put in","meteré,meterás,meterá,meteremos,meteréis,meterán","I will put in,You (informal) will put in,He/She will put in,We will put in,You all (informal) will put in,They/You all will put in"
Prender,to turn on,"prendo,prendes,prende,prendemos,prendéis,prenden","I turn on,You (informal) turn on,He/She turns on,We turn on,You all (informal) turn on,They/You all turn on","prendí,prendiste,prendió,prendimos,prendisteis,prendieron","I turned on,You (informal) turned on,He/She turned on,We turned on,You all (informal) turned on,They/You all turned on","prenderé,prenderás,prenderá,prenderemos,prenderéis,prenderán","I will turn on,You (informal) will turn on,He/She will turn on,We will turn on,You all (informal) will turn on,They/You all will turn on"
Prometer,to promise,"prometo,prometes,promete,prometemos,prometéis,prometen","I promise,You (informal) promise,He/She promises,We promise,You all (informal) promise,They/You all promise","prometí,prometiste,prometió,prometimos,prometisteis,prometieron","I promised,You (informal) promised,He/She promised,We promised,You all (informal) promised,They/You all promised","prometeré,prometerás,prometerá,prometeremos,prometeréis,prometerán","I will promise,You (informal) will promise,He/She will promise,We will promise,You all (informal) will promise,They/You all will promise"
Responder,to answer,"respondo,respondes,responde,respondemos,respondéis,responden","I answer,You (informal) answer,He/She answers,We answer,You all (informal) answer,They/You all answer","respondí,respondiste,respondió,respondimos,respondisteis,respondieron","I answered,You (informal) answered,He/She answered,We answered,You all (informal) answered,They/You all answered","responderé,responderás,responderá,responderemos,responderéis,responderán","I will answer,You (informal) will answer,He/She will answer,We will answer,You all (informal) will answer,They/You all will answer"
Romper,to break,"rompo,rompes,rompe,rompemos,rompéis,rompen","I break,You (informal) break,He/She breaks,We break,You all (informal) break,They/You all break","rompí,rompiste,rompió,rompimos,rompisteis,rompieron","I broke,You (informal) broke,He/She broke,We broke,You all (informal) broke,They/You all broke","romperé,romperás,romperá,romperemos,romperéis,romperán","I will break,You (informal) will break,He/She will break,We will break,You all (informal) will break,They/You all will break"
Vender,to sell,"vendo,vendes,vende,vendemos,vendéis,venden","I sell,You (informal) sell,He/She sells,We sell,You all (informal) sell,They/You all sell","vendí,vendiste,vendió,vendimos,vendisteis,vendieron","I sold,You (informal) sold,He/She sold,We sold,You all (informal) sold,They/You all sold","venderé,venderás,venderá,venderemos,venderéis,venderán","I will sell,You (informal) will sell,He/She will sell,We will sell,You all (informal) will sell,They/You all will sell"
Abrir,to open,"abro,abres,abre,abrimos,abrís,abren","I open,You (informal) open,He/She opens,We open,You all (informal) open,They/You all open","abrí,abriste,abrió,abrimos,abrieron,abristeis","I opened,You (informal) opened,He/She opened,We opened,You all (informal) opened,They/You all opened","abriré,abrirás,abrirá,abriremos,abriréis,abrirán","I will open,You (informal) will open,He/She will open,We will open,You all (informal) will open,They/You all will open"
Añadir,to add,"añado,añades,añade,añadimos,añadís,añaden","I add,You (informal) add,He/She adds,We add,You all (informal) add,They/You all add","añadí,añadiste,añadió,añadimos,añadisteis,añadieron","I added,You (informal) added,He/She added,We added,You all (informal) added,They/You all added","añadiré,añadirás,añadirá,añadiremos,añadiréis,añadirán","I will add,You (informal) will add,He/She will add,We will add,You all (informal) will add,They/You all will add"
Aplaudir,to clap,"aplaudo,aplaudes,aplaude,aplaudimos,aplaudís,aplauden","I clap,You (informal) clap,He/She claps,We clap,You all (informal) clap,They/You all clap","aplaudí,aplaudiste,aplaudió,aplaudimos,aplaudisteis,aplaudieron","I clapped,You (informal) clapped,He/She clapped,We clapped,You all (informal) clapped,They/You all clapped","aplaudiré,aplaudirás,aplaudirá,aplaudiremos,aplaudiréis,aplaudirán","I will clap,You (informal) will clap,He/She will clap,We will clap,You all (informal) will clap,They/You all will clap"
Compartir,to share,"comparto,compartes,comparte,compartimos,compartís,comparten","I share,You (informal) share,He/She shares,We share,You all (informal) share,They/You all share","compartí,compartiste,compartió,compartimos,compartisteis,compartieron","I shared,You (informal) shared,He/She shared,We shared,You all (informal) shared,They/You all shared","compartiré,compartirás,compartirá,compartiremos,compartiréis,compartirán","I will share,You (informal) will share,He/She will share,We will share,You all (informal) will share,They/You all will share"
Decidir,to decide,"decido,decides,decide,decidimos,decidís,deciden","I decide,You (informal) decide,He/She decides,We decide,You all (informal) decide,They/You all decide","decidí,decidiste,decidió,decidimos,decidisteis,decidieron","I decided,You (informal) decided,He/She decided,We decided,You all (informal) decided,They/You all decided","decidiré,decidirás,decidirá,decidiremos,decidiréis,decidirán","I will decide,You (informal) will decide,He/She will decide,We will decide,You all (informal) will decide,They/You all will decide"
Describir,to describe,"describo,describes,describe,describimos,describís,describen","I describe,You (informal) describe,He/She describes,We describe,You all (informal) describe,They/You all describe","describí,describiste,describió,describimos,describisteis,describieron","I described,You (informal) described,He/She described,We described,You all (informal) described,They/You all described","describiré,describirás,describirá,describiremos,describiréis,describirán","I will describe,You (informal) will describe,He/She will describe,We will describe,You all (informal) will describe,They/You all will describe"
Descubrir,to discover,"descubro,descubres,descubre,descubrimos,descubrís,descubren","I discover,You (informal) discover,He/She discovers,We discover,You all (informal) discover,They/You all discover","descubrí,descubriste,descubrió,descubrimos,descubristeis,descubrieron","I discovered,You (informal) discovered,He/She discovered,We discovered,You all (informal) discovered,They/You all discovered","descubriré,descubrirás,descubrirá,descubriremos,descubriréis,descubrirán","I will discover,You (informal) will discover,He/She will discover,We will discover,You all (informal) will discover,They/You all will discover"
Discutir,to argue/to discuss,"discuto,discutes,discute,discutimos,discutís,discuten","I argue,You (informal) argue,He/She argues,We argue,You all (informal) argue,They/You all argue","discutí,discutiste,discutió,discutimos,discutisteis,discutieron","I argued,You (informal) argued,He/She argued,We argued,You all (informal) argued,They/You all argued","discutiré,discutirás,discutirá,discutiremos,discutiréis,discutirán","I will argue,You (informal) will argue,He/She will argue,We will argue,You all (informal) will argue,They/You all will argue"
Escribir,to write,"escribo,escribes,escribe,escribimos,escribís,escriben","I write,You (informal) write,He/She writes,We write,You all (informal) write,They/You all write","escribí,escribiste,escribió,escribimos,escribisteis,escribieron","I wrote,You (informal) wrote,He/She wrote,We wrote,You all (informal) wrote,They/You all wrote","escribiré,escribirás,escribirá,escribiremos,escribiréis,escribirán","I will write,You (informal) will write,He/She will write,We will write,You all (informal) will write,They/You all will write"
Interrumpir,to interrupt,"interrumpo,interrumpes,interrumpe,interrumpimos,interrumpís,interrumpen","I interrupt,You (informal) interrupt,He/She interrupts,We interrupt,You all (informal) interrupt,They/You all interrupt","interrumpí,interrumpiste,interrumpió,interrumpimos,interrumpisteis,interrumpieron","I interrupted,You (informal) interrupted,He/She interrupted,We interrupted,You all (informal) interrupted,They/You all interrupted","interrumpiré,interrumpirás,interrumpirá,interrumpiremos,interrumpiréis,interrumpirán","I will interrupt,You (informal) will interrupt,He/She will interrupt,We will interrupt,You all (informal) will interrupt,They/You all will interrupt"
Partir,to cut/to leave,"parto,partes,parte,partimos,partís,parten","I cut/leave,You (informal) cut/leave,He/She cuts/leaves,We cut/leave,You all (informal) cut/leave,They/You all cut/leave","partí,partiste,partió,partimos,partisteis,partieron","I cut/left,You (informal) cut/left,He/She cut/left,We cut/left,You all (informal) cut/left,They/You all cut/left","partiré,partirás,partirá,partiremos,partiréis,partirán","I will cut/leave,You (informal) will cut/leave,He/She will cut/leave,We will cut/leave,You all (informal) will cut/leave,They/You all will cut/leave"
Recibir,to receive,"recibo,recibes,recibe,recibimos,recibís,reciben","I receive,You (informal) receive,He/She receives,We receive,You all (informal) receive,They/You all receive","recibí,recibiste,recibió,recibimos,recibisteis,recibieron","I received,You (informal) received,He/She received,We received,You all (informal) received,They/You all received","recibiré,recibirás,recibirá,recibiremos,recibiréis,recibirán","I will receive,You (informal) will receive,He/She will receive,We will receive,You all (informal) will receive,They/You all will receive"
Subir,to go up,"subo,subes,sube,subimos,subís,suben","I go up,You (informal) go up,He/She goes up,We go up,You all (informal) go up,They/You all go up","subí,subiste,subió,subimos,subisteis,subieron","I went up,You (informal) went up,He/She went up,We went up,You all (informal) went up,They/You all went up","subiré,subirás,subirá,subiremos,subiréis,subirán","I will go up,You (informal) will go up,He/She will go up,We will go up,You all (informal) will go up,They/You all will go up"
Vivir,to live,"vivo,vives,vive,vivimos,vivís,viven","I live,You (informal) live,He/She lives,We live,You all (informal) live,They/You all live","viví,viviste,vivió,vivimos,vivisteis,vivieron","I lived,You (informal) lived,He/She lived,We lived,You all (informal) lived,They/You all lived","viviré,vivirás,vivirá,viviremos,viviréis,vivirán","I will live,You (informal) will live,He/She will live,We will live,You all (informal) will live,They/You all will live"